label,samples
anms_timer [ms], 3 4 4 4 4 4 4 4 4 4 4 4 4 5 4 4 5 4 4 4 5 4 4 4 4 4 4 4 4 4 4 4 4 4 4 4 4 4 4 4 4 4 5 5 5 5 4 4 4 4 5 4 4 4 4 4 4 4 4 4 4 4 4 4 4 3 4 4 4 4 3 3 4 4 4 3 4 4 4 4 4 4 4 4 4 4 4 4 4 4 4 4 4 4
backend-pipeline [ms], 0 0 7 11 33 26 31 34 39 49 48 54 58 63 65 68 69 76 78 83 84 90 5774 99 102 108 105 97 99 98 105 104 106 109 122 114 118 124 4891 128 131 134 136 148 147 151 159 153 150 154 149 143 147 148 4221 158 160 166 165 165 167 170 179 179 183 193 195 207 220 218 5333 221 233 232 227 232 237 240 239 235 232 232 233 238 240 233 5668 242 236 237 239 240 239 251 243
backend-viz-pipeline [ms], 1104 513 434 416 497 602 551 569 596 562 600 657 605 604 744 663 699 533 574 6307 677 629 593 524 470 478 429 423 409 450 562 483 449 553 534 5315 513 532 541 518 546 582 647 572 596 446 446 439 404 426 447 4514 496 511 517 478 465 496 519 526 680 609 718 764 778 903 881 5998 810 781 836 1225 800 777 782 666 601 569 576 510 506 505 509 5911 492 481 466 466 468 486 469 400
backend.sliding_window_construction [ms], 511 449 412 465 610
backend.update_dynamic_obs [ms], 0 19 12 14 13 16 20 18 20 20 22 21 20 18 20 20 21 20 22 22 21 22 21 19 12 10 9 11 11 11 12 13 12 14 17 16 16 16 17 17 19 20 20 23 19 14 13 10 7 7 9 10 10 11 10 11 11 12 13 14 14 15 22 21 27 34 30 31 28 32 29 26 26 26 26 20 18 16 14 12 11 11 10 11 11 11 11 11 11 10 10 7
backend.update_static_obs [ms], 2 1 1 1 1 1 2 1 1 2 1 1 1 2 1 2 2 1 2 1 1 1 1 2 1 1 1 1 2 1 1 1 1 1 1 1 1 1 1 1 1 1 1 2 1 2 1 2 2 2 2 2 2 2 2 2 2 2 2 2 3 2 2 2 3 3 2 3 2 2 2 2 2 2 2 2 2 2 2 2 2 2 1 1 1 1 1 1 1 1 1 2
data-interface [ms], 58 55 106 510 430 503 435 414 498 600 553 566 594 560 608 652 606 605 750 660 694 535 569 6309 678 628 598 522 477 477 428 427 405 450 562 483 448 552 534 5314 514 534 537 520 549 573 646 575 598 450 449 438 404 428 445 4517 493 510 518 480 462 497 517 523 681 606 717 761 773 906 880 5992 812 781 838 1227 799 788 775 669 601 570 578 519 499 503 511 5913 493 478 467 465 469 487 816
data-interface_queue_size #, 0 0 0 0 0 0 0 0 0 0 0 0 0 0 0 0 0 0 0 0 0 0 0 0 0 0 0 0 0 0 0 0 0 0 0 0 0 0 0 0 0 0 0 0 0 0 0 0 0 0 0 0 0 0 0 0 0 0 0 0 0 0 0 0 0 0 0 0 0 0 0 0 0 0 0 0 0 0 0 0 0 0 0 0 0 0 0 0 0 0 0 0 0 0 0
dataset_spin [ms], 58 55 54 63 55 54 55 54 54 55 56 55 55 59 58 55 56 55 56 56 55 58 55 55 55 56 56 56 55 56 55 56 56 55 56 56 55 56 57 56 56 57 56 58 62 59 56 57 57 57 57 57 56 59 56 58 56 56 55 58 56 55 56 56 55 56 57 55 58 57 56 54 54 54 55 55 55 58 56 55 54 54 54 57 55 55 55 55 59 53 55 55 55 55
depth_updater [ms], 0 0 0 0 0 0 0 0 0 0 0 0 0 0 0 0 0 0 0 0 0 0 0 0 0 1 0 0 0 0 0 0 1 0 0 0 0 0 0 0 0 0 0 1 0 1 0 0 0 0 0 0 0 0 0 0 0 0 0 0 0 0 1 0 0 0 0 0 0 0 0 0 0 0 0 0 0 0 0 0 0 0 0 0 0 0 0 0 0 0 0 0 0
dynamic_feature_track [ms], 7 10 9 9 9 9 8 8 8 8 9 9 9 9 9 9 9 9 9 9 10 9 9 9 9 8 8 8 8 7 7 7 7 7 8 8 8 7 8 7 8 8 8 9 8 8 7 7 7 6 6 6 7 7 8 7 8 7 7 7 7 7 8 10 10 9 10 10 10 10 9 9 9 9 8 8 8 8 7 7 6 6 6 6 6 5 5 6 5 5 5 6 5 5
frontend-pipeline [ms], 0 51 431 361 411 350 325 406 502 443 459 480 439 479 528 478 477 608 520 553 389 420 476 520 465 428 357 318 317 271 260 241 285 393 300 275 374 350 362 324 341 343 321 336 363 435 355 385 239 232 228 201 217 237 232 275 290 293 252 237 269 286 284 441 364 463 507 504 625 601 601 533 490 546 942 508 484 475 371 308 280 287 221 203 204 219 184 188 184 170 168 171 189 160 152
frontend-viz-pipeline [ms], 671 437 481 441 411 495 594 545 568 589 554 605 650 601 603 739 661 693 531 568 625 6351 623 589 526 479 476 429 418 408 449 559 474 454 549 527 547 5279 528 537 515 536 578 645 566 601 448 442 445 411 420 448 440 4561 509 513 478 463 495 515 516 685 607 711 760 757 909 872 880 5921 770 842 1227 791 772 778 667 605 571 576 512 499 501 517 476 5917 489 464 464 468 486 460 407 239
map.update_observations [ms], 6 4 5 4 5 6 5 6 6 6 6 6 7 6 7 7 7 7 7 7 7 6 6 7 6 4 4 4 5 5 4 5 5 4 5 5 5 5 5 5 5 8 6 6 7 6 5 4 4 4 4 4 4 5 5 5 4 4 5 5 5 6 7 8 8 8 13 9 9 9 8 8 7 8 8 7 6 7 5 5 4 4 4 3 3 3 3 3 3 3 3 3 4
motion_solver.joint_of_pose [ms], 33 28 5 1 34 47 5 37 51 8 39 41 5 37 42 7 46 41 13 36 43 14 49 50 13 42 50 17 39 52 20 33 48 26 43 61 19 41 61 15 49 42 20 45 42 13 50 48 20 55 53 20 43 47 19 48 49 15 46 52 14 45 55 19 45 43 22 41 36 19 44 37 18 40 31 19 37 23 8 38 17 7 52 11 7 40 13 8 44 13 9 45 21 12 46 20 7 38 26 10 36 28 6 44 21 7 47 32 7 36 31 6 31 31 6 34 34 11 41 37 13 30 37 10 33 42 13 33 49 8 36 38 12 36 43 8 46 35 9 42 14 12 44 11 11 54 5 15 47 3 14 51 6 9 61 15 12 58 9 8 50 10 8 56 17 9 73 26 9 54 12 10 52 11 10 49 22 13 63 21 8 59 23 8 60 33 8 64 42 10 61 64 11 71 66 14 71 64 13 55 84 16 62 79 19 60 82 19 55 68 6 63 79 6 53 78 11 54 68 7 43 63 14 59 58 15 62 54 14 53 38 17 54 27 17 49 9 14 52 7 15 62 3 10 54 1 10 50 2 16 51 2 13 41 2 18 41 1 14 39 1 16 37 1 15 40 1 16 44 1 9 35 0 17 33 14 35 9
motion_solver.joint_of_pose_num_vars_all, 322 456 86 15 353 420 80 382 453 123 368 425 83 392 437 114 407 436 125 452 439 134 494 449 156 406 512 165 394 532 191 344 500 230 380 498 234 405 503 226 488 437 207 464 428 196 471 493 199 468 457 207 444 476 195 425 509 149 460 533 167 449 547 184 430 452 193 428 438 192 447 382 181 480 319 185 371 233 118 325 262 112 376 176 109 403 204 118 447 203 106 462 211 121 468 242 106 393 259 98 375 291 104 428 328 115 409 324 104 376 323 92 323 376 91 348 344 107 351 371 121 305 384 121 285 433 120 320 487 127 365 474 152 370 441 118 408 357 103 429 207 121 453 131 132 479 68 154 494 43 139 531 91 113 540 145 117 517 143 132 503 151 122 513 237 106 525 215 101 473 196 116 459 175 121 500 191 132 546 207 127 605 226 125 609 341 117 663 428 117 628 573 137 617 586 130 629 658 128 554 746 159 548 700 163 621 737 186 580 718 97 554 717 98 557 698 113 479 613 118 536 570 139 617 513 155 552 490 145 556 340 152 558 282 160 505 144 174 544 109 157 546 51 155 485 23 150 506 26 148 450 28 132 423 26 152 436 25 165 398 23 159 378 18 149 409 22 158 392 20 149 362 8 144 336 140 350 134
motion_solver.joint_of_pose_num_vars_inliers, 322 456 86 15 353 420 80 382 453 123 368 425 83 392 437 114 407 436 125 452 439 134 494 449 156 406 512 165 394 532 191 344 500 230 380 498 234 405 503 226 488 437 207 464 428 196 471 493 199 468 457 207 444 476 195 425 509 149 460 533 167 449 547 184 430 452 193 428 438 192 447 382 181 480 319 185 371 233 118 325 262 112 376 176 109 403 204 118 447 203 106 462 211 121 468 242 106 393 259 98 375 291 104 428 328 115 409 324 104 376 323 92 323 376 91 348 344 107 351 371 121 305 384 121 285 433 120 320 487 127 365 474 152 370 441 118 408 357 103 429 207 121 453 131 132 479 68 154 494 43 139 531 91 113 540 145 117 517 143 132 503 151 122 513 237 106 525 215 101 473 196 116 459 175 121 500 191 132 546 207 127 605 226 125 609 341 117 663 428 117 628 573 137 617 586 130 629 658 128 554 746 159 548 700 163 621 737 186 580 718 97 554 717 98 557 698 113 479 613 118 536 570 139 617 513 155 552 490 145 556 340 152 558 282 160 505 144 174 544 109 157 546 51 155 485 23 150 506 26 148 450 28 132 423 26 152 436 25 165 398 23 159 378 18 149 409 22 158 392 20 149 362 8 144 336 140 350 134
motion_solver.object_nlo_refinement [ms], 191 32 5 137 25 159 45 131 24 100 32 160 39 236 63 156 47 168 67 190 66 139 72 161 63 192 95 163 76 177 80 274 87 170 111 253 71 121 45 124 65 173 73 139 160 160 87 133 79 62 94 78 66 120 41 62 43 59 45 43 34 77 40 180 41 92 41 77 35 150 47 105 55 158 38 131 28 123 37 96 60 106 32 101 49 134 33 194 46 123 42 179 22 46 39 52 33 26 42 13 47 34 40 36 30 31 38 72 44 73 42 60 32 53 34 35 31 41 44 55 39 57 43 204 33 104 28 158 39 175 56 201 35 294 47 270 44 251 63 261 27 196 30 260 29 672 28 233 48 219 28 181 58 120 48 57 58 61 58 52 77 24 42 8 50 9 50 8 72 8 41 10 49 8 45 6 41 7 31 9 35 3 63 44 35
motion_solver.object_nlo_refinement_num_vars_all, 913 173 31 841 161 907 247 851 167 875 229 873 251 879 269 899 313 1025 331 1065 383 1001 461 997 469 1007 453 875 415 857 393 987 399 915 415 953 391 1019 299 1067 335 1095 369 905 387 877 385 765 363 639 371 467 237 525 225 353 219 409 237 407 213 423 243 485 213 519 197 583 209 657 231 649 209 647 185 753 183 689 215 743 243 769 243 867 241 975 255 949 305 883 237 715 207 415 243 263 265 137 309 87 279 183 227 291 235 287 265 303 245 475 213 431 203 393 233 351 243 381 265 415 255 453 251 683 235 857 235 1147 275 1173 261 1317 257 1493 319 1401 327 1475 373 1437 195 1435 197 1397 227 1227 237 1141 279 1027 311 981 291 681 305 565 321 289 349 219 315 103 311 47 301 53 297 57 265 53 305 51 331 47 319 37 299 45 317 41 299 17 289 281 269
motion_solver.object_solve3d2d [ms], 231 47 8 192 33 0 220 57 182 34 151 43 210 56 289 81 216 65 228 88 255 91 198 104 233 88 264 115 215 103 228 99 333 113 233 137 310 96 181 66 187 84 239 97 193 187 206 112 180 103 101 118 108 79 0 144 53 80 54 77 56 62 47 103 56 206 53 124 55 112 45 178 58 145 66 196 48 170 38 165 51 141 77 152 45 151 65 193 45 242 63 175 54 222 35 65 56 67 48 34 61 18 65 42 53 55 45 46 51 88 56 97 55 94 45 71 48 52 45 68 62 81 51 85 55 246 44 155 42 235 56 254 75 277 53 393 70 363 69 347 88 344 37 289 40 351 44 753 39 307 66 287 48 245 77 166 69 92 79 77 76 62 97 32 56 12 64 12 71 11 89 11 63 13 66 11 65 8 59 10 51 11 48 5 83 0 61 0 48
motion_solver.solve_3d2d [ms], 4 4 5 0 4 2 0 0 3 3 1 5 2 1 3 3 1 3 3 1 3 3 1 3 3 1 5 3 1 3 4 1 4 3 1 3 3 1 4 3 1 3 3 1 4 2 1 4 3 2 4 3 1 3 3 1 4 3 1 3 3 1 4 3 1 3 3 1 4 2 1 3 3 1 4 2 1 4 2 2 0 3 2 1 3 2 1 3 1 1 4 1 1 4 1 1 4 1 1 4 1 1 4 2 0 4 2 1 4 2 1 4 2 1 4 2 0 3 2 0 3 2 0 3 2 1 3 2 0 3 2 1 4 2 0 3 2 1 3 2 1 3 1 0 3 1 0 3 1 0 3 0 1 3 0 1 3 1 0 3 2 1 3 1 1 3 2 0 3 3 0 3 1 1 3 1 1 4 1 1 4 1 0 4 1 0 4 2 0 5 2 0 4 3 2 4 3 0 4 3 1 5 4 1 4 4 1 4 4 1 4 4 0 4 3 0 4 4 0 4 3 0 3 3 1 4 3 1 5 2 1 4 2 1 4 2 1 4 3 1 4 1 1 4 2 1 5 1 1 4 0 1 4 0 1 4 0 0 4 0 1 4 0 1 3 0 0 3 0 0 4 0 1 3 0 0 4 0 0 3 0 0
pipeline_spin [ms], 58 106 501 438 503 434 414 498 599 551 567 593 556 609 654 605 605 748 661 694 532 572 6309 678 627 598 521 478 476 429 426 404 451 560 482 449 552 533 5314 514 533 537 517 545 576 649 574 598 449 449 438 405 424 448 4515 494 510 518 476 464 498 516 523 682 605 715 763 770 906 881 5993 812 781 837 1227 798 785 777 670 602 570 578 516 501 502 510 5912 489 483 465 465 468 487 471 399 0
rgbd_motion_world.dyn_object_affected [ms], 0 0 0 0 0 0 0 0 0 0 0 0 0 0 0 0 0 0 0 0 0 0 0 0 0 0 0 1 0 0 0 0 0 0 0 0 0 0 0 0 0 0 0 0 0 0 0 0 0 0 0 0 0 0 1 0 0 0 0 0 0 0 0 0 0 0 0 0 0 0 0 0 0 0 0 0 0 0 0 0 0 0 0 0 0 0 0 0 0 0 0 0 0 0 0 0 0 0 0 0 0 0 0 0 0 0 0 1 0 0 0 0 0 0 0 0 0 0 0 0 0 0 0 0 0 0 0 0 0 0 0 0 0 0 0 0 0 0 0 0 0 0 0 0 0 0 2 0 0 3 0 0 0 0 0 0 0 0 0 0 0 0 0 0 0 0 0 0 0 0 0 0 1 0 0 0 0 0 0 0 0 0 0 0 0 0 0 0 0 0 0 0
rgbd_motion_world.dyn_point_update_1 [ms], 0 0 0 0 0 0 0 0 0 0 0 0 0 0 0 0 0 0 0 0 0 0 0 0 0 0 0 0 0 0 0 0 0 0 0 0 0 0 0 0 0 0 0 0 0 0 0 0 0 0 0 0 0 0 0 0 0 0 0 0 0 0 0 0 0 0 0 0 0 0 0 0 0 0 0 0 0 0 0 0 0 0 0 0 0 0 0 0 0 0 0 0 0 0 0 0 0 0 0 0 0 0 0 0 0 0 0 0 0 0 0 0 0 0 0 0 0 0 0 0 0 0 0 0 0 0 0 0 0 0 0 0 0 0 0 0 0 0 0 0 0 0 0 0 0 0 0 0 0 0 0 0 0 0 0 0 0 0 0 0 0 0 0 0 0 0 0 0 0 0 0 0 0 0 0 0 0 0 0 0 0 0 0 0 0 0 0 0 0 0 0 0 0 0 0 0 0 0 0 0 0 0 0 0 0 0 0 0 0 0 0 0 0 0 0 0 0 0 0 0 0 0 0 0 0 0 0 0 0 0 0 0 0 0 0 0 0 0 0 0 0 0 0 0 0 0 0 0 0 0 0 0 0 0 0 0 0 0 0 0 0 0 0 0 0 0 0 0 0 0 0 0 0 0 0 0 0 0 0 0 0 0 0 0 0 0 0 0 0 0 0 0 0 0 0 0 0 0 0 0 0 0 0 0 0 0 0 0 0 0 0 0 0 0 0 0 0 0 0 0 0 0 0 0 0 0 0 0 0 0 0 0 0 0 0 0 0 0 0 0 0 0 0 0 0 0 0 0 0 0 0 0 0 0 0 0 0 0 0 0 0 0 0 0 0 0 0 0 0 0 0 0 0 0 0 0 0 0 0 0 0 0 0 0 0 0 0 0 0 0 0 0 0 0 0 0 0 0 0 0 0 0 0 0 0 0 0 0 0 0 0 0 0 0 0 0 0 0 0 0 0 0 0 0 0 0 0 0 0 0 0 0 0 0 0 0 0 0 0 0 0 0 0 0 0 0 0 0 0 0 0 0 0 0 0 0 0 0 0 0 0 0 0 0 0 0 0 0 0 0 0 0 0 0 0 0 0 0 0 0 0 0 0 0 0 0 0 0 0 0 0 0 0 0 0 0 0 0 0 0 0 0 0 0 0 0 0 0 0 0 0 0 0 0 0 0 0 0 0 0 0 0 0 0 0 0 0 0 0 0 0 0 0 0 0 0 0 0 0 0 0 0 0 0 0 0 0 0 0 0 0 0 0 0 0 0 0 0 0 0 0 0 0 0 0 0 0 0 0 0 0 0 0 0 0 0 0 0 0 0 0 0 0 0 0 0 0 0 0 0 0 0 0 0 0 0 0 0 0 0 0 0 0 0 0 0 0 0 0 0 0 0 0 0 0 0 0 0 0 0 0 0 0 0 0 0 0 0 0 0 0 0 0 0 0 0 0 0 0 0 0 0 0 0 0 0 0 0 0 0 0 0 0 0 0 0 0 0 0 0 0 0 0 0 0 0 0 0 0 0 0 0 0 0 0 0 0 0 0 0 0 0 0 0 0 0 0 0 0 0 0 0 0 0 0 0 0 0 0 0 0 0 0 0 0 0 0 0 0 0 0 0 0 0 0 0 0 0 0 0 0 0 0 0 0 0 0 0 0 0 0 0 0 0 0 0 0 0 0 0 0 0 0 0 0 0 0 0 0 0 0 0 0 0 0 0 0 0 0 0 0 0 0 0 0 0 0 0 0 0 0 0 0 0 0 0 0 0 0 0 0 0 0 0 0 0 0 0 0 0 0 0 0 0 0 0 0 0 0 0 0 0 0 0 0 0 0 0 0 0 0 0 0 0 0 0 0 0 0 0 0 0 0 0 0 0 0 0 0 0 0 0 0 0 0 0 0 0 0 0 0 0 0 0 0 0 0 0 0 0 0 0 0 0 0 0 0 0 0 0 0 0 0 0 0 0 0 0 0 0 0 0 0 0 0 0 0 0 0 0 0 0 0 0 0 0 0 0 0 0 0 0 0 0 0 0 0 0 0 0 0 0 0 0 0 0 0 0 0 0 0 0 0 0 0 0 0 0 0 0 0 0 0 0 0 0 0 0 0 0 0 0 0 0 0 0 0 0 0 0 0 0 0 0 0 0 0 0 0 0 0 0 0 0 0 0 0 0 0 0 0 0 0 0 0 0 0 0 0 0 0 0 0 0 0 0 0 0 0 0 0 0 0 0 0 0 0 0 0 0 0 0 0 0 0 0 0 0 0 0
rgbd_motion_world.dyn_point_update_2 [ms], 0 0 0 0 0 0 0 0 0 0 0 0 0 0 0 0 0 0 0 0 0 0 0 0 0 0 0 0 0 0 0 0 0 0 0 0 0 0 0 0 0 0 0 0 0 0 0 0 0 0 0 0 0 0 0 0 0 0 0 0 0 0 0 0 0 0 0 0 0 0 0 0 0 0 0 0 0 0 0 0 0 0 0 0 0 0 0 0 0 0 0 0 0 0 0 0 0 0 0 0 0 0 0 0 0 0 0 0 0 0 0 0 0 0 0 0 0 0 0 0 0 0 0 0 0 0 0 0 0 0 0 0 0 0 0 0 0 0 0 0 0 0 0 0 0 0 0 0 0 0 0 0 0 0 0 0 0 0 0 0 0 0 0 0 0 0 0 0 0 0 0 0 0 0 0 0 0 0 0 0 0 0 0 0 0 0 0 0 0 0 0 0 0 0 0 0 0 0 0 0 0 0 0 0 0 0 0 0 0 0 0 0 0 0 0 0 0 0 0 0 0 0 0 0 0 0 0 0 0 0 0 0 0 0 0 0 0 0 0 0 0 0 0 0 0 0 0 0 0 0 0 0 0 0 0 0 0 0 0 0 0 0 0 0 0 0 0 0 0 0 0 0 0 0 0 0 0 0 0 0 0 0 0 0 0 0 0 0 0 0 0 0 0 0 0 0 0 0 0 0 0 0 0 0 0 0 0 0 0 0 0 0 0 0 0 0 0 0 0 0 0 0 0 0 0 0 0 0 0 0 0 0 0 0 0 0 0 0 0 0 0 0 0 0 0 0 0 0 0 0 0 0 0 0 0 0 0 0 0 0 0 0 0 0 0 0 0 0 0 0 0 0 0 0 0 0 0 0 0 0 0 0 0 0 0 0 0 0 0 0 0 0 0 0 0 0 0 0 0 0 0 0 0 0 0 0 0 0 0 0 0 0 0 0 0 0 0 0 0 0 0 0 0 0 0 0 0 0 0 0 0 0 0 0 0 0 0 0 0 0 0 0 0 0 0 0 0 0 0 0 0 0 0 0 0 0 0 0 0 0 0 0 0 0 0 0 0 0 0 0 0 0 0 0 0 0 0 0 0 0 0 0 0 0 0 0 0 0 0 0 0 0 0 0 0 0 0 0 0 0 0 0 0 0 0 0 0 0 0 0 0 0 0 0 0 0 0 0 0 0 0 0 0 0 0 0 0 0 0 0 0 0 0 0 0 0 0 0 0 0 0 0 0 0 0 0 0 0 0 0 0 0 0 0 0 0 0 0 0 0 0 0 0 0 0 0 0 0 0 0 0 0 0 0 0 0 0 0 0 0 0 0 0 0 0 0 0 0 0 0 0 0 0 0 0 0 0 0 0 0 0 0 0 0 0 0 0 0 0 0 0 0 0 0 0 0 0 0 0 0 0 0 0 0 0 0 0 0 0 0 0 0 0 0 0 0 0 0 0 0 0 0 0 0 0 0 0 0 0 0 0 0 0 0 0 0 0 0 0 0 0 0 0 0 0 0 0 0 0 0 0 0 0 0 0 0 0 0 0 0 0 0 0 0 0 0 0 0 0 0 0 0 0 0 0 0 0 0 0 0 0 0 0 0 0 0 0 0 0 0 0 0 0 0 0 0 0 0 0 0 0 0 0 0 0 0 0 0 0 0 0 0 0 0 0 0 0 0 0 0 0 0 0 0 0 0 0 0 0 0 0 0 0 0 0 0 0 0 0 0 0 0 0 0 0 0 0 0 0 0 0 0 0 0 0 0 0 0 0 0 0 0 0 0 0 0 0 0 0 0 0 0 0 0 0 0 0 0 0 0 0 0 0 0 0 0 0 0 0 0 0 0 0 0 0 0 0 0 0 0 0 0 0 0 0 0 0 0 0 0 0 0 0 0 0 0 0 0 0 0 0 0 0 0 0 0 0 0 0 0 0 0 0 0 0 0 0 0 0 0 0 0 0 0 0 0 0 0 0 0 0 0 0 0 0 0 0 0 0 0 0 0 0 0 0 0 0 0 0 0 0 0 0 0 0 0 0 0 0 0 0 0 0 0 0 0 0 0 0 0 0 0 0 0 0 0 0 0 0 0 0 0 0 0 0 0 0 0 0 0 0 0 0 0 0 0 0 0 0 0 0 0 0 0 0 0 0 0 0 0 0 0 0 0 0 0 0 0 0 0 0 0 0 0 0 0 0 0 0 0 0 0 0 0 0 0 0 0 0 0 0 0 0 0 0 0 0 0 0 0 0 0 0 0 0 0 0 0 0 0
rgbd_motion_world.dynamic_object_itr [ms], 0 19 12 14 13 16 20 18 20 20 22 21 20 18 20 20 21 20 22 22 20 14 16 15 17 18 19 23 22 23 23 23 21 21 22 22 22 22 22 21 21 22 21 19 12 10 9 11 10 11 12 13 12 14 17 16 32 22 24 24 24 22 20 18 12 11 11 11 11 12 12 13 14 15 16 14 16 16 17 17 19 20 20 23 19 14 13 10 7 7 9 10 19 16 16 16 16 17 18 18 20 21 22 21 18 14 12 11 8 9 10 9 10 10 10 11 11 12 12 14 14 15 22 21 27 34 30 31 11 10 11 12 12 11 13 13 13 13 15 16 15 21 22 27 29 31 32 29 28 32 29 26 26 25 26 20 18 16 14 12 11 11 10 11 40 31 32 33 32 32 30 30 29 27 26 20 19 16 14 12 11 11 10 10 11 11 11 11 11 10 10 7
rgbd_motion_world.dynamic_point_backtrack [ms], 0 0 0 0 0 0 0 0 0 0 0 0 0 0 0 0 0 0 0 0 0 0 0 0 0 0 0 0 0 0 0 0 0 0 0 0 0 0 0 0 0 0 0 0 0 0 0 0 0 0 0 0 0 0 0 0 0 0 0 0 0 0 0 0 0 0 0 0 0 0 0 0 0 0 0 0 0 0 0 0 0 0 0 0 0 0 0 0 0 0 0 0 0 0 0 0 0 0 0 0 0 0 0 0 0 0 0 0 0 0 0 0 0 0 0 0 0 0 0 0 0 0 0 0 0 0 0 0 0 0 0 0 0 0 0 0 0 0 0 0 0 0 0 0 0 0 0 0 0 0 0 0 0 0 0 0 0 0 0 0 0 0 0 0 0 0 0 0 0 0 0 0 0 0 0 0 0 0 0 0 0 0 0 0 0 0 0 0 0 0 0 0 0 0 0 0 0 0 0 0 0 0 0 0 0 0 0 0 0 0 0 0 0 0 0 0 0 0 0 0 0 0 0 0 0 0 0 0 0 0 0 0 0 0 0 0 0 0 0 0 0 0 0 0 0 0 0 0 0 0 0 0 0 0 0 0 0 0 0 0 0 0 0 0 0 0 0 0 0 0 0 0 0 0 0 0 0 0 0 0 0 0 0 0 0 0 0 0 0 0 0 0 0 0 0 0 0 0 0 0 0 0 0 0 0 0 0 0 0 0 0 0 0 0 0 0 0 0 0 0 0 0 0 0 0 0 0 0 0 0 0 0 0 0 0 0 0 0 0 0 0 0 0 0 0 0 0 0 0 0 0 0 0 0 0 0 0 0 0 0 0 0 0 0 0 0 0 0 0 0 0 0 0 0 0 0 0 0 0 0 0 0 0 0 0 0 0 0 0 0 0 0 0 0 0 0 0 0 0 0 0 0 0 0 0 0 0 0 0 0 0 0 0 0 0 0 0 0 0 0 0 0 0 0 0 0 0 0 0 0 0 0 0 0 0 0 0 0 0 0 0 0 0 0 0 0 0 0 0 0 0 0 0 0 0 0 0 0 0 0 0 0 0 0 0 0 0 0 0 0 0 0 0 0 0 0 0 0 0 0 0 0 0 0 0 0 0 0 0 0 0 0 0 0 0 0 0 0 0 0 0 0 0 0 0 0 0 0 0 0 0 0 0 0 0 0 0 0 0 0 0 0 0 0 0 0 0 0 0 0 0 0 0 0 0 0 0 0 0 0 0 0 0 0 0 0 0 0 0 0 0 0 0 0 0 0 0 0 0 0 0 0 0 0 0 0 0 0 0 0 0 0 0 0 0 0 0 0 0 0 0 0 0 0 0 0 0 0 0 0 0 0 0 0 0 0 0 0 0 0 0 0 0 0 0 0 0 0 0 0 0 0 0 0 0 0 0 0 0 0 0 0 0 0 0 0 0 0 0 0 0 0 0 0 0 0 0 0 0 0 0 0 0 0 0 0 0 0 0 0 0 0 0 0 0 0 0 0 0 0 0 0 0 0 0 0 0 0 0 0 0 0 0 0 0 0 0 0 0 0 0 0 0 0 0 0 0 0 0 0 0 0 0 0 0 0 0 0 0 0 0 0 0 0 0 0 0 0 0 0 0 0 0 0 0 0 0 0 0 0 0 0 0 0 0 0 0 0 0 0 0 0 0 0 0 0 0 0 0 0 0 0 0 0 0 0 0 0 0 0 0 0 0 0 0 0 0 0 0 0 0 0 0 0 0 0 0 0 0 0 0 0 0 0 0 0 0 0 0 0 0 0 0 0 0 0 0 0 0 0 0 0 0 0 0 0 0 0 0 0 0 0 0 0 0 0 0 0 0 0 0 0 0 0 0 0 0 0 0 0 0 0 0 0 0 0 0 0 0 0 0 0 0 0 0 0 0 0 0 0 0 0 0 0 0 0 0 0 0 0 0 0 0 0 0 0 0 0 0 0 0 0 0 0 0 0 0 0 0 0 0 0 0 0 0 0 0 0 0 0 0 0 0 0 0 0 0 0 0 0 0 0 0 0 0 0 0 0 0 0 0 0 0 0 0 0 0 0 0 0 0 0 0 0 0 0 0 0 0 0 0 0 0 0 0 0 0 0 0 0 0 0 0 0 0 0 0 0 0 0 0 0 0 0 0 0 0 0 0 0 0 0 0 0 0 0 0 0 0 0 0 0 0 0 0 0 0 0 0 0 0 0 0 0 0 0 0 0 0 0 0 0 0 0 0 0 0 0 0 0 0 0 0 0 0 0 0 0 0 0
rgbd_motion_world.dynamic_point_itr [ms], 0 0 16 2 10 0 11 2 10 2 11 2 15 3 12 3 14 4 13 5 13 6 12 6 12 5 11 5 12 5 12 5 13 5 13 4 15 4 15 4 16 2 10 1 12 2 11 2 12 3 12 3 12 4 15 4 14 5 14 5 13 7 13 7 13 6 12 6 13 6 14 6 14 5 15 4 15 4 14 4 13 5 14 5 12 5 10 5 5 3 5 2 4 2 6 2 5 2 5 3 6 2 7 2 7 2 9 2 9 2 10 2 20 8 14 4 15 4 16 5 14 5 13 5 11 5 10 5 5 3 5 3 5 2 5 2 5 2 6 3 6 3 7 2 8 2 9 2 10 2 9 2 10 2 10 2 10 2 10 3 11 3 13 3 13 3 15 3 11 2 6 3 4 3 2 4 0 3 0 3 1 3 2 3 12 3 9 3 9 2 9 2 10 2 10 2 10 3 11 3 12 3 13 3 14 3 13 3 11 3 6 3 4 4 1 4 0 3 1 3 2 3 1 3 2 3 3 2 3 2 4 2 4 2 4 3 4 3 6 3 6 4 6 3 12 3 12 3 17 4 22 3 20 3 20 4 0 5 1 3 2 3 3 3 3 3 4 2 4 2 5 2 4 3 5 3 6 4 7 4 6 3 12 3 13 3 17 4 19 4 21 3 20 4 19 4 19 2 20 2 20 2 18 2 16 3 15 3 15 4 9 4 8 4 4 4 3 4 1 4 0 4 0 4 0 4 0 4 28 5 21 3 21 4 22 4 22 3 21 3 21 2 19 4 17 4 16 4 15 4 10 4 8 4 5 5 3 4 1 4 0 4 0 4 0 4 0 4 0 4 0 4 0 4 0 4 0 4 0 4 6 4
rgbd_motion_world.post_update [ms], 2 6 7 10 12 15 19 21 24 29 31 34 39 41 46 47 51 55 58 67 68 71 77 77 79 82 82 86 85 87 89 100 94 96 99 100 105 108 109 112 118 119 122 125 126 128 134 131 129 132 131 137 139 141 148 145 146 147 148 156 154 157 159 162 168 169 175 177 180 189 191 190 194 199 203 209 207 209 210 213 219 221 216 218 224 218 221 222 223 223 236 229
rgbd_motion_world.sliding_window_optimise [ms], 5057 4189 3496 4447 4572
rgbd_motion_world.sliding_window_optimise_num_vars_all, 13396 10923 9023 9933 13125
static_feature_track [ms], 31 33 34 32 32 30 31 31 31 31 32 31 32 32 32 32 35 31 32 32 34 31 31 34 33 32 32 33 35 33 33 31 32 32 31 32 32 32 32 31 31 32 33 35 34 33 30 31 30 36 31 30 30 30 32 32 31 31 31 32 31 30 30 33 31 29 31 30 30 30 28 28 28 29 29 28 29 28 30 29 31 28 29 29 29 29 28 29 29 29 29 28 29 34
tracked_dynamic_features [ms], 4 2 3 2 3 3 3 3 3 3 3 3 3 4 3 3 3 3 3 4 3 3 3 3 2 2 2 2 1 2 1 2 2 2 2 2 2 2 2 2 2 2 2 3 2 2 1 1 1 1 1 1 1 2 2 2 2 1 1 1 1 2 2 4 3 3 4 4 4 4 3 3 3 3 3 2 2 2 2 1 1 0 1 0 0 0 0 0 0 0 0 0 0
tracking_timer [ms], 69 65 59 58 55 56 57 67 57 51 59 71 62 68 62 66 50 60 51 56 49 51 62 61 59 60 50 53 56 57 48 56 48 47 57 55 49 50 56 48 57 50 53 53 50 47 46 45 52 45 44 46 47 49 48 48 48 57 58 57 51 52 54 61 58 52 52 50 51 47 47 47 48 47 45 46 45 45 45 46 42 44 44 43 42 41 43 42 43 42 42 43 48